{
  "conf": {
    "0": 1.0,
    "1": 0.998463,
    "2": 0.920116,
    "3": 0.995119,
    "4": 1.0,
    "5": 1.0,
    "6": 1.0,
    "7": 1.0,
    "8": 1.0,
    "9": 1.0,
    "10": 1.0,
    "11": 1.0,
    "12": 1.0,
    "13": 1.0,
    "14": 0.910788,
    "15": 0.998697,
    "16": 1.0,
    "17": 1.0,
    "18": 1.0,
    "19": 1.0,
    "20": 1.0,
    "21": 1.0,
    "22": 1.0,
    "23": 1.0,
    "24": 0.931331,
    "25": 1.0,
    "26": 1.0,
    "27": 0.997276,
    "28": 1.0,
    "29": 1.0,
    "30": 0.999294,
    "31": 1.0,
    "32": 1.0,
    "33": 1.0,
    "34": 1.0,
    "35": 1.0,
    "36": 1.0,
    "37": 1.0,
    "38": 1.0,
    "39": 1.0,
    "40": 0.999163,
    "41": 0.649072,
    "42": 0.990862,
    "43": 1.0,
    "44": 0.999549,
    "45": 1.0,
    "46": 0.996792,
    "47": 0.994139,
    "48": 0.987423,
    "49": 1.0,
    "50": 0.997644,
    "51": 0.995565,
    "52": 1.0,
    "53": 1.0,
    "54": 1.0,
    "55": 1.0,
    "56": 0.928996,
    "57": 0.997912,
    "58": 1.0,
    "59": 1.0,
    "60": 1.0,
    "61": 1.0,
    "62": 1.0,
    "63": 1.0,
    "64": 1.0,
    "65": 1.0,
    "66": 1.0,
    "67": 1.0,
    "68": 1.0
  },
  "end": {
    "0": 2.28,
    "1": 2.55,
    "2": 3.09,
    "3": 3.63,
    "4": 3.75,
    "5": 3.87,
    "6": 4.11,
    "7": 4.29,
    "8": 4.56,
    "9": 4.68,
    "10": 4.83,
    "11": 5.01,
    "12": 5.07,
    "13": 5.49,
    "14": 6.235975,
    "15": 6.6,
    "16": 6.72,
    "17": 7.05,
    "18": 7.29,
    "19": 7.74,
    "20": 8.34,
    "21": 8.58,
    "22": 9.03,
    "23": 9.12,
    "24": 9.36,
    "25": 9.87,
    "26": 10.2,
    "27": 10.5,
    "28": 10.56,
    "29": 10.95,
    "30": 11.1,
    "31": 11.22,
    "32": 11.55,
    "33": 11.94,
    "34": 12.84,
    "35": 13.17,
    "36": 13.35,
    "37": 13.41,
    "38": 13.8,
    "39": 14.31,
    "40": 14.7,
    "41": 14.82,
    "42": 14.85,
    "43": 15.120006,
    "44": 15.42,
    "45": 15.78,
    "46": 15.9,
    "47": 16.02,
    "48": 16.5,
    "49": 17.43,
    "50": 17.58,
    "51": 17.94,
    "52": 18.18,
    "53": 18.45,
    "54": 18.63,
    "55": 18.93,
    "56": 19.17,
    "57": 19.71,
    "58": 19.98,
    "59": 20.1,
    "60": 20.25,
    "61": 20.46,
    "62": 20.67,
    "63": 20.76,
    "64": 21.24,
    "65": 21.36,
    "66": 21.45,
    "67": 21.75,
    "68": 22.32
  },
  "start": {
    "0": 1.92,
    "1": 2.28,
    "2": 2.55005,
    "3": 3.27,
    "4": 3.63,
    "5": 3.75,
    "6": 3.87,
    "7": 4.11,
    "8": 4.29,
    "9": 4.56,
    "10": 4.68,
    "11": 4.83,
    "12": 5.01,
    "13": 5.07,
    "14": 5.82,
    "15": 6.235975,
    "16": 6.6,
    "17": 6.72,
    "18": 7.05,
    "19": 7.29,
    "20": 7.98,
    "21": 8.34,
    "22": 8.58,
    "23": 9.03,
    "24": 9.12,
    "25": 9.36,
    "26": 10.05,
    "27": 10.2,
    "28": 10.5,
    "29": 10.56,
    "30": 10.95,
    "31": 11.1,
    "32": 11.22,
    "33": 11.55,
    "34": 12.6,
    "35": 12.84,
    "36": 13.17,
    "37": 13.35,
    "38": 13.41,
    "39": 13.8,
    "40": 14.31,
    "41": 14.7,
    "42": 14.82,
    "43": 14.850274,
    "44": 15.15,
    "45": 15.420002,
    "46": 15.78,
    "47": 15.9,
    "48": 16.02,
    "49": 17.19,
    "50": 17.43,
    "51": 17.58,
    "52": 17.940134,
    "53": 18.18,
    "54": 18.45,
    "55": 18.63,
    "56": 18.93,
    "57": 19.17,
    "58": 19.83,
    "59": 19.98,
    "60": 20.1,
    "61": 20.25,
    "62": 20.46,
    "63": 20.67,
    "64": 20.76,
    "65": 21.24,
    "66": 21.36,
    "67": 21.45,
    "68": 21.75
  },
  "word": {
    "0": "please",
    "1": "call",
    "2": "stella",
    "3": "ask",
    "4": "her",
    "5": "to",
    "6": "bring",
    "7": "these",
    "8": "things",
    "9": "with",
    "10": "her",
    "11": "from",
    "12": "the",
    "13": "store",
    "14": "six",
    "15": "spoons",
    "16": "of",
    "17": "fresh",
    "18": "snow",
    "19": "peas",
    "20": "five",
    "21": "thick",
    "22": "slabs",
    "23": "of",
    "24": "blue",
    "25": "cheese",
    "26": "and",
    "27": "maybe",
    "28": "a",
    "29": "snack",
    "30": "for",
    "31": "her",
    "32": "brother",
    "33": "bob",
    "34": "we",
    "35": "also",
    "36": "need",
    "37": "a",
    "38": "small",
    "39": "plastic",
    "40": "snake",
    "41": "and",
    "42": "a",
    "43": "big",
    "44": "toy",
    "45": "frog",
    "46": "for",
    "47": "the",
    "48": "kids",
    "49": "she",
    "50": "can",
    "51": "scoop",
    "52": "these",
    "53": "things",
    "54": "into",
    "55": "three",
    "56": "red",
    "57": "bags",
    "58": "and",
    "59": "we",
    "60": "will",
    "61": "go",
    "62": "meet",
    "63": "her",
    "64": "wednesday",
    "65": "at",
    "66": "the",
    "67": "train",
    "68": "station"
  }
}